<?xml version="1.0" encoding="UTF-8"?>
<config:Templates xmlns:config="http://cfh.nhs.net/TemplateConfig" masterIndex="file:/C:/Program%20Files/SMD/workspace/MasterIndex/MasterIndex/MasterIndex.xml" mifFolder="file:/C:/Program%20Files/SMD/workspace/UrgentCareDashboard/messageModels" title="Template configuration file for Urgent Care Dashboard DMS Version 1.0 RC2" version="1.00">
  <config:ChangeHistory>
    <config:changeLog htmlContent="First Version of File" version="1.00"/>
    <config:changeLog htmlContent="Added constraint NPFIT-100011#Act" timestamp="2012-01-05T16:40:05Z" version="1.00"/>
  </config:ChangeHistory>
  <config:DomainList>
    <config:domain id="DIS"/>
    <config:domain id="EDT"/>
    <config:domain id="HLP"/>
    <config:domain id="NUL"/>
    <config:domain id="OPS"/>
    <config:domain id="SES"/>
    <config:domain id="TEM"/>
    <config:domain id="OOH"/>
    <config:domain id="ADM"/>
    <config:domain id="HSC"/>
    <config:domain id="ABM"/>
    <config:domain id="DIG"/>
    <config:domain id="MHS"/>
    <config:domain id="NHD"/>
    <config:domain id="TEL"/>
    <config:domain id="ABS"/>
    <config:domain description="Urgent Care Dashboard" id="UCD" pattern="COMT_MT00.*$"/>
  </config:DomainList>
  <config:StatusFlag>
    <config:value id="A"/>
    <config:value id="D"/>
    <config:value id="P"/>
  </config:StatusFlag>
  <config:TemplateList>
    <config:template description="Act templates" id="NPFIT-100011#Act" status="A" version="1">
      <config:changeHistory>
        <config:changeLog htmlContent="Constraint created on 2012-01-05T16:40:05Z" timestamp="2012-01-05T16:40:05Z" version="1"/>
        <config:changeLog htmlContent="Marked constraint NPFIT-100011#Act as active" timestamp="2012-01-06T13:32:48Z" version="1"/>
      </config:changeHistory>
      <config:parentModel>
        <config:domain id="UCD"/>
      </config:parentModel>
      <config:childrenModel>
        <config:id value="COCT_TP000018GB02"/>
      </config:childrenModel>
    </config:template>
    <config:template description="Act templates" id="NPFIT-100007#Act" status="A" version="3">
      <config:changeHistory>
        <config:changeLog htmlContent="Constraint created on 2012-01-05T16:40:05Z" timestamp="2012-01-05T16:40:05Z" version="1"/>
        <config:changeLog htmlContent="Marked constraint NPFIT-100007#Act as active" timestamp="2012-01-06T13:32:32Z" version="3"/>
      </config:changeHistory>
      <config:parentModel>
        <config:domain id="UCD">
          <config:id value="COMT_MT000019GB01"/>
          <config:id value="COMT_MT000020GB01"/>
          <config:id value="COMT_MT000019GB02"/>
          <config:id value="COMT_MT000020GB02"/>
        </config:domain>
      </config:parentModel>
      <config:childrenModel>
        <config:id value="COCT_TP000018GB01"/>
      </config:childrenModel>
    </config:template>
  </config:TemplateList>
</config:Templates>